dataset,backbone,method,split_count,unit,P_mean,P_std,P_mean_defined_only,P_defined_splits,W_mean,W_std,W_mean_defined_only,W_defined_splits,balanced_mean,balanced_std,balanced_mean_defined_only,balanced_defined_splits,macro_mean,macro_std,macro_mean_defined_only,macro_defined_splits,worst_mean,worst_std,worst_mean_defined_only,worst_defined_splits,PLCC_mean,PLCC_std,PLCC_mean_defined_only,PLCC_defined_splits,RMSE_mean,RMSE_std,RMSE_mean_defined_only,RMSE_defined_splits,centered_PLCC_mean,centered_PLCC_std,centered_PLCC_mean_defined_only,centered_PLCC_defined_splits
AGIQA-3K,RN50,ridge_fixed,5,overlapping_split_sensitivity,0.8516201872826095,0.012796154204068827,0.8516201872826095,5,0.5784295956780638,0.04292919129678559,0.5784295956780638,5,0.7150248914803367,0.027057978038143957,0.7150248914803367,5,0.5295960579760405,0.04752154268162758,0.5295960579760405,5,0.3206100574316607,0.09893644306857528,0.3206100574316607,5,0.8886468510120178,0.010618868788657214,0.8886468510120178,5,0.5326612459825598,0.014793960356081966,0.5326612459825598,5,0.6829523569249802,0.031488492869838604,0.6829523569249802,5
AGIQA-3K,RN50,cc_alpha10,5,overlapping_split_sensitivity,0.8738623392127227,0.011221215768778848,0.8738623392127227,5,0.6565499399947508,0.042585009479492446,0.6565499399947508,5,0.7652061396037366,0.02605819990060497,0.7652061396037366,5,0.601929727551549,0.03890669421327501,0.601929727551549,5,0.3829673191424133,0.08797779923413016,0.3829673191424133,5,0.893208207640322,0.009245809031256626,0.893208207640322,5,0.5310752089279884,0.015426403929674906,0.5310752089279884,5,0.745332255637663,0.02817710055142429,0.745332255637663,5
AGIQA-3K,RN50,ridge_tuned15,5,overlapping_split_sensitivity,0.877446239035596,0.012646931446074894,0.877446239035596,5,0.6391878778322112,0.04386111520628739,0.6391878778322112,5,0.7583170584339036,0.027857606330949563,0.7583170584339036,5,0.5716216357844625,0.04155413756941211,0.5716216357844625,5,0.3357831873857887,0.11716503923929314,0.3357831873857887,5,0.9063011164881752,0.008232823260926551,0.9063011164881752,5,0.45255367482735487,0.016004590945456885,0.45255367482735487,5,0.7291353195023801,0.03102600508813289,0.7291353195023801,5
AGIQA-3K,RN50,cc_joint,5,overlapping_split_sensitivity,0.8716530984628325,0.01344996284507843,0.8716530984628325,5,0.6570203445350393,0.03892549625967687,0.6570203445350393,5,0.764336721498936,0.02534451231052739,0.764336721498936,5,0.6014979250718429,0.033502809069797135,0.6014979250718429,5,0.38749195445295637,0.09004921977463028,0.38749195445295637,5,0.8897196175116301,0.015539464320643997,0.8897196175116301,5,0.5387737241748447,0.05431577588101368,0.5387737241748447,5,0.7453533834928601,0.027604104362415983,0.7453533834928601,5
AGIQA-3K,RN50,ridge_matched,5,overlapping_split_sensitivity,0.8776160562024387,0.012493714907933887,0.8776160562024387,5,0.6393397858485634,0.043713998614493044,0.6393397858485634,5,0.758477921025501,0.027700861548352412,0.758477921025501,5,0.5709984885829809,0.04154896341282526,0.5709984885829809,5,0.33184713212443506,0.11557916283092051,0.33184713212443506,5,0.9064540870118358,0.008207103925129034,0.9064540870118358,5,0.4520958270813685,0.01600193755159263,0.4520958270813685,5,0.7295242038632601,0.030894633756551368,0.7295242038632601,5
AGIQA-3K,RN50,sample_joint,5,overlapping_split_sensitivity,0.877629110950916,0.011569976680242877,0.877629110950916,5,0.6620570877663077,0.03907039192551429,0.6620570877663077,5,0.7698430993586118,0.025057436048905046,0.7698430993586118,5,0.6016517807520314,0.032246274395973454,0.6016517807520314,5,0.3893730671041753,0.08420843075996828,0.3893730671041753,5,0.8972566752123882,0.010846562564541508,0.8972566752123882,5,0.5069648227151473,0.028314092016487664,0.5069648227151473,5,0.7476840301895232,0.02589660588752174,0.7476840301895232,5
AGIQA-3K,RN50,uncentered_joint,5,overlapping_split_sensitivity,0.8769799690140431,0.012089321397316208,0.8769799690140431,5,0.6368182742241895,0.04253578988119998,0.6368182742241895,5,0.7568991216191163,0.02689266647993572,0.7568991216191163,5,0.5705837849173749,0.04205224309810317,0.5705837849173749,5,0.3365036917568104,0.11717534153663588,0.3365036917568104,5,0.9062589955031575,0.00808763651527113,0.9062589955031575,5,0.4527258520081118,0.015453921162724187,0.4527258520081118,5,0.7284323106035323,0.030186969408701553,0.7284323106035323,5
AGIQA-3K,RN50,sample_at_cc,5,overlapping_split_sensitivity,0.8734380430362986,0.013245811625886365,0.8734380430362986,5,0.6648916698720827,0.03858906005042198,0.6648916698720827,5,0.7691648564541905,0.02500101422716812,0.7691648564541905,5,0.6050559293016246,0.03343779985393823,0.6050559293016246,5,0.39514227175161,0.08706717910647759,0.39514227175161,5,0.8898959140219024,0.01561918365119076,0.8898959140219024,5,0.5325510547532495,0.05084321507368177,0.5325510547532495,5,0.7492199200898022,0.026341591670718773,0.7492199200898022,5
AGIQA-3K,RN50,uncentered_at_cc,5,overlapping_split_sensitivity,0.8744785774318785,0.012808256926507113,0.8744785774318785,5,0.6286628841985032,0.04564541763290987,0.6286628841985032,5,0.7515707308151909,0.02883462587166922,0.7515707308151909,5,0.5657591932703219,0.0440383569020005,0.5657591932703219,5,0.3320305380110547,0.11920554931460167,0.3320305380110547,5,0.9054211485374921,0.008091884536649004,0.9054211485374921,5,0.4548523930951096,0.015249322038805798,0.4548523930951096,5,0.7243995638523983,0.03197523899592437,0.7243995638523983,5
AGIQA-3K,RN50,centered_only_at_cc,5,overlapping_split_sensitivity,0.8401741421489977,0.03944664248099685,0.8401741421489977,5,0.6477291946841974,0.037545319892994145,0.6477291946841974,5,0.7439516684165978,0.03415404924628941,0.7439516684165978,5,0.6011851336016303,0.024335077280927552,0.6011851336016303,5,0.37417185170525025,0.059831872152868566,0.37417185170525025,5,0.8479030706288198,0.04008028293259847,0.8479030706288198,5,0.6884398435648345,0.14871188654259587,0.6884398435648345,5,0.7302246951408508,0.041953889448868686,0.7302246951408508,5
AGIQA-3K,ViT-B-32,ridge_fixed,5,overlapping_split_sensitivity,0.8496514339273222,0.014089669709897832,0.8496514339273222,5,0.5691597458908074,0.040021001088791,0.5691597458908074,5,0.7094055899090648,0.026490131942141705,0.7094055899090648,5,0.5283173317399659,0.03638796991571575,0.5283173317399659,5,0.25935477563704945,0.10022405645319916,0.25935477563704945,5,0.8844524807621372,0.010728447498203066,0.8844524807621372,5,0.5541527060978588,0.017654260729874915,0.5541527060978588,5,0.6681701078104278,0.02987085122988247,0.6681701078104278,5
AGIQA-3K,ViT-B-32,cc_alpha10,5,overlapping_split_sensitivity,0.8706275534777967,0.011414372482138066,0.8706275534777967,5,0.6462470698608098,0.041542748097065284,0.6462470698608098,5,0.7584373116693033,0.02590865992936578,0.7584373116693033,5,0.5997592476198902,0.033352360085401066,0.5997592476198902,5,0.3367902389496559,0.10336767557797212,0.3367902389496559,5,0.8855868711600398,0.006994730038430027,0.8855868711600398,5,0.5492694515111707,0.009294556408734268,0.5492694515111707,5,0.7404404233951588,0.028703164970387933,0.7404404233951588,5
AGIQA-3K,ViT-B-32,ridge_tuned15,5,overlapping_split_sensitivity,0.8743935403295332,0.014502592659827923,0.8743935403295332,5,0.6292214159022615,0.04491190004100859,0.6292214159022615,5,0.7518074781158974,0.02941431906215503,0.7518074781158974,5,0.5742528403947357,0.03666150108509784,0.5742528403947357,5,0.3004767650136911,0.09817283892514926,0.3004767650136911,5,0.9028864275861226,0.009513322352103438,0.9028864275861226,5,0.46005671799719305,0.019807125458119336,0.46005671799719305,5,0.7258077568336444,0.030008775286866667,0.7258077568336444,5
AGIQA-3K,ViT-B-32,cc_joint,5,overlapping_split_sensitivity,0.8665571987186986,0.014330168670536316,0.8665571987186986,5,0.6441559377686358,0.03959407817601404,0.6441559377686358,5,0.7553565682436671,0.02657767291903859,0.7553565682436671,5,0.5999670256310626,0.026692636409984427,0.5999670256310626,5,0.3384267810359388,0.08411893757697553,0.3384267810359388,5,0.8792930273960442,0.01369675186573939,0.8792930273960442,5,0.5819562881777827,0.07093467012898294,0.5819562881777827,5,0.7374635666857343,0.026901654316835267,0.7374635666857343,5
AGIQA-3K,ViT-B-32,ridge_matched,5,overlapping_split_sensitivity,0.8734757697297961,0.014968884920407332,0.8734757697297961,5,0.6274139187278388,0.04707839946053148,0.6274139187278388,5,0.7504448442288174,0.030734398357347356,0.7504448442288174,5,0.569997442771528,0.03963973206419926,0.569997442771528,5,0.29442797133762005,0.10077491529924902,0.29442797133762005,5,0.9017667420816442,0.010288001263574273,0.9017667420816442,5,0.46299239361392736,0.02065735520771275,0.46299239361392736,5,0.723546624158129,0.032082472214067674,0.723546624158129,5
AGIQA-3K,ViT-B-32,sample_joint,5,overlapping_split_sensitivity,0.867916543854761,0.012973133500029186,0.867916543854761,5,0.6445014441271546,0.04089424845308881,0.6445014441271546,5,0.7562089939909578,0.025786502466380642,0.7562089939909578,5,0.5943918853829399,0.027151688581256998,0.5943918853829399,5,0.3432207852998824,0.08416626820257653,0.3432207852998824,5,0.8812766815530931,0.01570181026238481,0.8812766815530931,5,0.5700540216127161,0.08980952921102216,0.5700540216127161,5,0.7375413247514923,0.025805857149527243,0.7375413247514923,5
AGIQA-3K,ViT-B-32,uncentered_joint,5,overlapping_split_sensitivity,0.8722095884072285,0.012873365800321593,0.8722095884072285,5,0.6247237402982403,0.037818566887461665,0.6247237402982403,5,0.7484666643527345,0.025047260202490075,0.7484666643527345,5,0.5743330455650255,0.030488323715028944,0.5743330455650255,5,0.29554511731075256,0.1032233680589286,0.29554511731075256,5,0.9019953115015653,0.008709092221372328,0.9019953115015653,5,0.4629875993625362,0.01646266224047045,0.4629875993625362,5,0.7221556986998192,0.028375931581978008,0.7221556986998192,5
AGIQA-3K,ViT-B-32,sample_at_cc,5,overlapping_split_sensitivity,0.8672127759259298,0.012521040105832723,0.8672127759259298,5,0.6474228355520365,0.03731101054943942,0.6474228355520365,5,0.7573178057389832,0.024472600710131243,0.7573178057389832,5,0.5982887761890894,0.02604327164460812,0.5982887761890894,5,0.339892015102867,0.08898649462042074,0.339892015102867,5,0.8782641461083008,0.013697525175916497,0.8782641461083008,5,0.5756323739191518,0.0667183357906181,0.5756323739191518,5,0.7405574222625417,0.023454226019488388,0.7405574222625417,5
AGIQA-3K,ViT-B-32,uncentered_at_cc,5,overlapping_split_sensitivity,0.8691062606941415,0.01758983728561637,0.8691062606941415,5,0.6154511740459184,0.05039869087507413,0.6154511740459184,5,0.74227871737003,0.03365979613283362,0.74227871737003,5,0.5668048085638373,0.043708769573393,0.5668048085638373,5,0.28832585969936986,0.11072299013078472,0.28832585969936986,5,0.9002310587289013,0.011166765765571214,0.9002310587289013,5,0.4687642041381076,0.026202189643120724,0.4687642041381076,5,0.7137473182739446,0.0376356969943849,0.7137473182739446,5
AGIQA-3K,ViT-B-32,centered_only_at_cc,5,overlapping_split_sensitivity,0.852044984137347,0.012378046763753793,0.852044984137347,5,0.6455444278679738,0.03882362662993621,0.6455444278679738,5,0.7487947060026604,0.024661847780924194,0.7487947060026604,5,0.604475001173074,0.027351450725507657,0.604475001173074,5,0.3459146979616068,0.08370877035076654,0.3459146979616068,5,0.8554482602651461,0.007879943499601645,0.8554482602651461,5,0.6635948793831898,0.055421227745097015,0.6635948793831898,5,0.7379565865271491,0.025290974574467356,0.7379565865271491,5
AGIQA-3K-full,RN50,ridge_fixed,5,overlapping_split_sensitivity,0.8142385046665941,0.010199220666588741,0.8142385046665941,5,0.536997894694822,0.04308790002218712,0.536997894694822,5,0.6756181996807081,0.026379496501255255,0.6756181996807081,5,0.5549147383603217,0.03728344204530235,0.5549147383603217,5,0.35323202853336183,0.09594142616493619,0.35323202853336183,5,0.8765527425181977,0.008760464052235522,0.8765527425181977,5,0.5166027811873235,0.004987051223440858,0.5166027811873235,5,0.7179153031203503,0.02454425572058926,0.7179153031203503,5
AGIQA-3K-full,RN50,cc_alpha10,5,overlapping_split_sensitivity,0.8332796530489237,0.013945298233034562,0.8332796530489237,5,0.5945511067669506,0.045818413889294696,0.5945511067669506,5,0.7139153799079372,0.029214764971381296,0.7139153799079372,5,0.6022202984067128,0.03873097297595258,0.6022202984067128,5,0.37224594172230274,0.08988969173206868,0.37224594172230274,5,0.8766833069205656,0.010892456374225243,0.8766833069205656,5,0.5187383763140374,0.011468807706847984,0.5187383763140374,5,0.757585832338856,0.032396813844247044,0.757585832338856,5
AGIQA-3K-full,RN50,ridge_tuned15,5,overlapping_split_sensitivity,0.8479697694841217,0.009379914215642875,0.8479697694841217,5,0.6190786651390673,0.03523136403742436,0.6190786651390673,5,0.7335242173115945,0.022137889251177455,0.7335242173115945,5,0.5913767864584705,0.03632930131336694,0.5913767864584705,5,0.3418514526105639,0.11136845369962918,0.3418514526105639,5,0.8964439856876147,0.006708042117448235,0.8964439856876147,5,0.44657052295085514,0.007566844859658669,0.44657052295085514,5,0.7591147020617758,0.02170281452449716,0.7591147020617758,5
AGIQA-3K-full,RN50,cc_joint,5,overlapping_split_sensitivity,0.8422070950797741,0.009573738559111757,0.8422070950797741,5,0.6121352621679269,0.041170765605227096,0.6121352621679269,5,0.7271711786238505,0.025186421544233072,0.7271711786238505,5,0.6020765710400713,0.03177757491064595,0.6020765710400713,5,0.3594474556897995,0.10754178719141876,0.3594474556897995,5,0.8858449392508728,0.01085684424771553,0.8858449392508728,5,0.49090179481790647,0.05313714400562753,0.49090179481790647,5,0.7617050652362304,0.025371290952981188,0.7617050652362304,5
AGIQA-3K-full,RN50,ridge_matched,5,overlapping_split_sensitivity,0.8477799783258421,0.008985040619907356,0.8477799783258421,5,0.6194791996871466,0.03473007442991022,0.6194791996871466,5,0.7336295890064942,0.02172599155801638,0.7336295890064942,5,0.5868507196324697,0.03423454730500875,0.5868507196324697,5,0.33800509788570177,0.10253605468389203,0.33800509788570177,5,0.89585865888354,0.006386450191462463,0.89585865888354,5,0.4476858745644391,0.006239388596622835,0.4476858745644391,5,0.7578919088169587,0.020434203451428476,0.7578919088169587,5
AGIQA-3K-full,RN50,sample_joint,5,overlapping_split_sensitivity,0.8468878198374836,0.008950678361941033,0.8468878198374836,5,0.6327411895456262,0.03638627096901449,0.6327411895456262,5,0.739814504691555,0.022396743043225063,0.739814504691555,5,0.6121342506569166,0.03139029069204711,0.6121342506569166,5,0.3671394465037997,0.106961075122972,0.3671394465037997,5,0.8844721284396917,0.011861180566606547,0.8844721284396917,5,0.4937465360109881,0.05120358251201832,0.4937465360109881,5,0.7708993908696347,0.02356729370175193,0.7708993908696347,5
AGIQA-3K-full,RN50,uncentered_joint,5,overlapping_split_sensitivity,0.8460792447021166,0.009301264459339697,0.8460792447021166,5,0.6124895208195763,0.035049011044170485,0.6124895208195763,5,0.7292843827608465,0.021979504162997994,0.7292843827608465,5,0.5908077565738863,0.03283944482961234,0.5908077565738863,5,0.3525695168884479,0.10327854167055947,0.3525695168884479,5,0.8953923717288237,0.006753866687754908,0.8953923717288237,5,0.4488336431251819,0.007067436584735441,0.4488336431251819,5,0.7564747115700781,0.02106534069222608,0.7564747115700781,5
AGIQA-3K-full,RN50,sample_at_cc,5,overlapping_split_sensitivity,0.8457180555220788,0.008184963685642081,0.8457180555220788,5,0.6252283816718536,0.039106564915271876,0.6252283816718536,5,0.7354732185969661,0.02354049293015761,0.7354732185969661,5,0.6053106628456557,0.031190318020075818,0.6053106628456557,5,0.3633963441216547,0.10718573046778831,0.3633963441216547,5,0.8866858708645324,0.009919054655042048,0.8866858708645324,5,0.4862567452736206,0.04687006672850145,0.4862567452736206,5,0.7653722621110399,0.027289250402078854,0.7653722621110399,5
AGIQA-3K-full,RN50,uncentered_at_cc,5,overlapping_split_sensitivity,0.841655427060061,0.010539504529201986,0.841655427060061,5,0.5968374946459811,0.045643034871486896,0.5968374946459811,5,0.719246460853021,0.028018841214947583,0.719246460853021,5,0.5834201644749436,0.03894461130976542,0.5834201644749436,5,0.3413582733189883,0.10258993633921197,0.3413582733189883,5,0.8941129136399791,0.006026530008910998,0.8941129136399791,5,0.45136614393647373,0.006073793162233359,0.45136614393647373,5,0.7522920273671466,0.020910800582832723,0.7522920273671466,5
AGIQA-3K-full,RN50,centered_only_at_cc,5,overlapping_split_sensitivity,,,0.8138690690465594,3,,,0.5838368029795676,3,,,0.6988529360130636,3,,,0.6101793170313633,3,,,0.4047960787683222,3,,,0.8454565162491937,3,0.7805454328097271,0.212778894949726,0.7805454328097271,5,,,0.7560090132582009,3
AIGCIQA2023,RN50,ridge_fixed,5,overlapping_split_sensitivity,0.7707916571032256,0.01977972567854535,0.7707916571032256,5,0.37915273085057316,0.02325696545133004,0.37915273085057316,5,0.5749721939768995,0.02099994038924949,0.5749721939768995,5,0.37915264167136276,0.02325683198415384,0.37915264167136276,5,0.09541043185646247,0.09981907546269261,0.09541043185646247,5,0.7832049815864259,0.0241940449826045,0.7832049815864259,5,0.0632913214720539,0.004578333484150029,0.0632913214720539,5,0.5193992718179,0.047893770827263746,0.5193992718179,5
AIGCIQA2023,RN50,cc_alpha10,5,overlapping_split_sensitivity,0.7806718261557911,0.026565487102231857,0.7806718261557911,5,0.41746339144743816,0.03745039270604663,0.41746339144743816,5,0.5990676088016146,0.03175911072384874,0.5990676088016146,5,0.41746338313648856,0.03745038437641138,0.41746338313648856,5,0.12878021672686854,0.10534780273425903,0.12878021672686854,5,0.7890406586514509,0.027279529233020103,0.7890406586514509,5,0.062147615216223716,0.0048286831460130596,0.062147615216223716,5,0.5915578005340009,0.05264889728945922,0.5915578005340009,5
AIGCIQA2023,RN50,ridge_tuned15,5,overlapping_split_sensitivity,0.7823404090107715,0.039068603683421944,0.7823404090107715,5,0.3895704603397689,0.07224749913777433,0.3895704603397689,5,0.5859554346752701,0.05519572576506857,0.5859554346752701,5,0.38957043843648903,0.07224747545766025,0.38957043843648903,5,0.10991942206168377,0.08883836078602834,0.10991942206168377,5,0.7962803583030122,0.05000420237389852,0.7962803583030122,5,0.0581538369809911,0.0074104068036824604,0.0581538369809911,5,0.5580802451831579,0.08436506251707412,0.5580802451831579,5
AIGCIQA2023,RN50,cc_joint,5,overlapping_split_sensitivity,0.784292738868595,0.03252143922763994,0.784292738868595,5,0.3983321512881346,0.056939733353935255,0.3983321512881346,5,0.5913124450783648,0.04422170713195565,0.5913124450783648,5,0.3983321429771851,0.05693972438486309,0.3983321429771851,5,0.118010558488469,0.07958147893499404,0.118010558488469,5,0.797285707094008,0.03842377115729704,0.797285707094008,5,0.059046252861250134,0.005539720666803097,0.059046252861250134,5,0.5761972718233456,0.06762312877834267,0.5761972718233456,5
AIGCIQA2023,RN50,ridge_matched,5,overlapping_split_sensitivity,0.7821010552936076,0.03892295763693632,0.7821010552936076,5,0.3889406542460855,0.07155321004312892,0.3889406542460855,5,0.5855208547698466,0.05478129110282583,0.5855208547698466,5,0.38894062928031475,0.07155318394548098,0.38894062928031475,5,0.11079744373437064,0.09109625942069291,0.11079744373437064,5,0.7961770791141869,0.049907607178796255,0.7961770791141869,5,0.0581944372600296,0.007382259557280471,0.0581944372600296,5,0.5577849652629004,0.08401462402912349,0.5577849652629004,5
AIGCIQA2023,RN50,sample_joint,5,overlapping_split_sensitivity,0.784292738868595,0.03252143922763994,0.784292738868595,5,0.3983321512881346,0.056939733353935255,0.3983321512881346,5,0.5913124450783648,0.04422170713195565,0.5913124450783648,5,0.3983321429771851,0.05693972438486309,0.3983321429771851,5,0.118010558488469,0.07958147893499404,0.118010558488469,5,0.7972857070940083,0.03842377115729671,0.7972857070940083,5,0.059046252861250106,0.005539720666803091,0.059046252861250106,5,0.5761972718233461,0.06762312877834238,0.5761972718233461,5
AIGCIQA2023,RN50,uncentered_joint,5,overlapping_split_sensitivity,0.7821010552936076,0.03892295763693632,0.7821010552936076,5,0.3889406542460855,0.07155321004312892,0.3889406542460855,5,0.5855208547698466,0.05478129110282583,0.5855208547698466,5,0.38894062928031475,0.07155318394548098,0.38894062928031475,5,0.11079744373437064,0.09109625942069291,0.11079744373437064,5,0.7961770791141869,0.04990760717879629,0.7961770791141869,5,0.058194437260029576,0.007382259557280481,0.058194437260029576,5,0.5577849652629003,0.08401462402912352,0.5577849652629003,5
AIGCIQA2023,RN50,sample_at_cc,5,overlapping_split_sensitivity,0.784292738868595,0.03252143922763994,0.784292738868595,5,0.3983321512881346,0.056939733353935255,0.3983321512881346,5,0.5913124450783648,0.04422170713195565,0.5913124450783648,5,0.3983321429771851,0.05693972438486309,0.3983321429771851,5,0.118010558488469,0.07958147893499404,0.118010558488469,5,0.7972857070940083,0.03842377115729671,0.7972857070940083,5,0.059046252861250106,0.005539720666803091,0.059046252861250106,5,0.5761972718233461,0.06762312877834238,0.5761972718233461,5
AIGCIQA2023,RN50,uncentered_at_cc,5,overlapping_split_sensitivity,0.7862252126486595,0.028869181689150883,0.7862252126486595,5,0.3959796480771033,0.05971609822318276,0.3959796480771033,5,0.5911024303628815,0.04379689301844229,0.5911024303628815,5,0.3959796261738235,0.05971607251233878,0.3959796261738235,5,0.1139983328702417,0.09398203714927254,0.1139983328702417,5,0.8033602606586354,0.03340317427858086,0.8033602606586354,5,0.05738475313859218,0.005365975087013323,0.05738475313859218,5,0.5679041603931732,0.06261864891995082,0.5679041603931732,5
AIGCIQA2023,RN50,centered_only_at_cc,5,overlapping_split_sensitivity,0.6664790717348349,0.09098837816587013,0.6664790717348349,5,0.3829371228605676,0.07748491061768624,0.3829371228605676,5,0.5247080972977012,0.08399336018450737,0.5247080972977012,5,0.3829371305523001,0.07748491560184627,0.3829371305523001,5,0.07259794387329813,0.11880580709054532,0.07259794387329813,5,0.6568740955965857,0.0889202337002539,0.6568740955965857,5,0.07589628239828346,0.008752774611754098,0.07589628239828346,5,0.5701520087752596,0.09312084563242576,0.5701520087752596,5
AIGCIQA2023,ViT-B-32,ridge_fixed,5,overlapping_split_sensitivity,0.7629675226345272,0.01968639292703916,0.7629675226345272,5,0.3688535764566156,0.04360311506444288,0.3688535764566156,5,0.5659105495455714,0.03067621415136247,0.5659105495455714,5,0.36885347950548464,0.04360299236601757,0.36885347950548464,5,0.07722757333743747,0.12842855227918218,0.07722757333743747,5,0.7713586993540592,0.020217358564458797,0.7713586993540592,5,0.06516767296834637,0.003930607137440647,0.06516767296834637,5,0.5000401936841132,0.0546535532522471,0.5000401936841132,5
AIGCIQA2023,ViT-B-32,cc_alpha10,5,overlapping_split_sensitivity,0.7735583968456897,0.026782016703995794,0.7735583968456897,5,0.41288249756719064,0.05572380069568208,0.41288249756719064,5,0.5932204472064402,0.04109033923754856,0.5932204472064402,5,0.41288246260779565,0.05572375963162131,0.41288246260779565,5,0.1397388163378716,0.13980072651171518,0.1397388163378716,5,0.7771907464098127,0.025647951851185652,0.7771907464098127,5,0.06402018564085861,0.004362212780171869,0.06402018564085861,5,0.5738240025773919,0.06941536404592129,0.5738240025773919,5
AIGCIQA2023,ViT-B-32,ridge_tuned15,5,overlapping_split_sensitivity,0.7794269605437716,0.014474674547733263,0.7794269605437716,5,0.3900335454884936,0.03376983230247554,0.3900335454884936,5,0.5847302530161327,0.023731245674948297,0.5847302530161327,5,0.3900334800071756,0.03376971573237139,0.3900334800071756,5,0.12060016671297583,0.11381073734964163,0.12060016671297583,5,0.7950105547906936,0.012962312118637243,0.7950105547906936,5,0.05859796256170444,0.003240913874025671,0.05859796256170444,5,0.5498589675477963,0.03872835911467267,0.5498589675477963,5
AIGCIQA2023,ViT-B-32,cc_joint,5,overlapping_split_sensitivity,0.7801595794679836,0.02094693016747205,0.7801595794679836,5,0.40340949580744256,0.04736789721441115,0.40340949580744256,5,0.5917845376377131,0.0339489321821594,0.5917845376377131,5,0.40340946084804763,0.047367840167138804,0.40340946084804763,5,0.13801611558766322,0.11518964269343752,0.13801611558766322,5,0.7914467651489512,0.016440074542378415,0.7914467651489512,5,0.060266396785709886,0.0035081081620778544,0.060266396785709886,5,0.5649646682723718,0.05696298428810363,0.5649646682723718,5
AIGCIQA2023,ViT-B-32,ridge_matched,5,overlapping_split_sensitivity,0.7778566810006202,0.016901958429277848,0.7778566810006202,5,0.38831269996979645,0.03586454187849747,0.38831269996979645,5,0.5830846904852083,0.02587345493154337,0.5830846904852083,5,0.3883126412739887,0.035864427313553375,0.3883126412739887,5,0.12622395109752707,0.12222823950038895,0.12622395109752707,5,0.7933676175317075,0.015761198357285143,0.7933676175317075,5,0.058732348134197275,0.003806010643936212,0.058732348134197275,5,0.5471887975079655,0.04629652566881629,0.5471887975079655,5
AIGCIQA2023,ViT-B-32,sample_joint,5,overlapping_split_sensitivity,0.7801595794679836,0.02094693016747205,0.7801595794679836,5,0.40340949580744256,0.04736789721441115,0.40340949580744256,5,0.5917845376377131,0.0339489321821594,0.5917845376377131,5,0.40340946084804763,0.047367840167138804,0.40340946084804763,5,0.13801611558766322,0.11518964269343752,0.13801611558766322,5,0.7914467651489513,0.016440074542378474,0.7914467651489513,5,0.0602663967857099,0.003508108162077863,0.0602663967857099,5,0.5649646682723719,0.05696298428810365,0.5649646682723719,5
AIGCIQA2023,ViT-B-32,uncentered_joint,5,overlapping_split_sensitivity,0.7802187877041185,0.016234589542728724,0.7802187877041185,5,0.3908986034615071,0.03637780830161216,0.3908986034615071,5,0.5855586955828127,0.02599215730350756,0.5855586955828127,5,0.3908985447656993,0.03637770056858642,0.3908985447656993,5,0.1269908307863295,0.1223472494188745,0.1269908307863295,5,0.7957801068626783,0.015370957509417714,0.7957801068626783,5,0.05834662995002382,0.0037304791498843567,0.05834662995002382,5,0.5514457411813722,0.04512418494987526,0.5514457411813722,5
AIGCIQA2023,ViT-B-32,sample_at_cc,5,overlapping_split_sensitivity,0.7801595794679836,0.02094693016747205,0.7801595794679836,5,0.40340949580744256,0.04736789721441115,0.40340949580744256,5,0.5917845376377131,0.0339489321821594,0.5917845376377131,5,0.40340946084804763,0.047367840167138804,0.40340946084804763,5,0.13801611558766322,0.11518964269343752,0.13801611558766322,5,0.7914467651489513,0.016440074542378474,0.7914467651489513,5,0.0602663967857099,0.003508108162077863,0.0602663967857099,5,0.5649646682723719,0.05696298428810365,0.5649646682723719,5
AIGCIQA2023,ViT-B-32,uncentered_at_cc,5,overlapping_split_sensitivity,0.77875282984739,0.015231004214922234,0.77875282984739,5,0.3894000373384072,0.034399258392922606,0.3894000373384072,5,0.5840764335928986,0.024475976572528813,0.5840764335928986,5,0.3893999757430936,0.03439914373191357,0.3893999757430936,5,0.12906918588496802,0.11716782638261694,0.12906918588496802,5,0.794343140084205,0.013940049615782716,0.794343140084205,5,0.0587008843091388,0.0034883590859967725,0.0587008843091388,5,0.5486117160301052,0.041831751804111715,0.5486117160301052,5
AIGCIQA2023,ViT-B-32,centered_only_at_cc,5,overlapping_split_sensitivity,0.665301079040984,0.07110715606599645,0.665301079040984,5,0.42243515614747296,0.06597075881040758,0.42243515614747296,5,0.5438681175942284,0.0673291742364023,0.5438681175942284,5,0.4224351395415072,0.06597074189844453,0.4224351395415072,5,0.1270686301750486,0.17709195488248228,0.1270686301750486,5,0.6569543261048046,0.06523296354325558,0.6569543261048046,5,0.07617544184012628,0.007051291314952016,0.07617544184012628,5,0.5869154948266637,0.07569897907714047,0.5869154948266637,5
